lat_bin,lon_bin,rides,revenue,avg_price,avg_duration,unique_scooters,unique_users,ends,net_flow
52.38,13.4,0.0,0.0,0.0,0.0,0.0,0.0,1.0,1.0
52.39,13.125,1.0,0.41,0.41,26.883333,1.0,1.0,0.0,-1.0
52.395,13.125,1.0,2.08,2.08,0.266667,1.0,1.0,1.0,0.0
52.395,13.13,0.0,0.0,0.0,0.0,0.0,0.0,1.0,1.0
52.395,13.41,0.0,0.0,0.0,0.0,0.0,0.0,1.0,1.0
52.395,13.42,1.0,5.08,5.08,7.0,1.0,1.0,0.0,-1.0
52.410000000000004,13.315,0.0,0.0,0.0,0.0,0.0,0.0,2.0,2.0
52.415,13.365,0.0,0.0,0.0,0.0,0.0,0.0,1.0,1.0
52.415,13.49,0.0,0.0,0.0,0.0,0.0,0.0,1.0,1.0
52.42,13.325000000000001,0.0,0.0,0.0,0.0,0.0,0.0,1.0,1.0
52.42,13.370000000000001,0.0,0.0,0.0,0.0,0.0,0.0,1.0,1.0
52.42,13.475,0.0,0.0,0.0,0.0,0.0,0.0,1.0,1.0
52.42,13.5,0.0,0.0,0.0,0.0,0.0,0.0,1.0,1.0
52.425000000000004,13.47,1.0,7.19,7.19,39.75,1.0,1.0,1.0,0.0
52.425000000000004,13.475,0.0,0.0,0.0,0.0,0.0,0.0,2.0,2.0
52.425000000000004,13.48,0.0,0.0,0.0,0.0,0.0,0.0,1.0,1.0
52.425000000000004,13.545,1.0,10.5,10.5,8.05,1.0,1.0,1.0,0.0
52.43,13.26,0.0,0.0,0.0,0.0,0.0,0.0,1.0,1.0
52.43,13.47,1.0,6.14,6.14,60.533333,1.0,1.0,0.0,-1.0
52.43,13.535,0.0,0.0,0.0,0.0,0.0,0.0,1.0,1.0
52.43,13.545,1.0,0.72,0.72,42.966667,1.0,1.0,1.0,0.0
52.435,13.26,0.0,0.0,0.0,0.0,0.0,0.0,1.0,1.0
52.435,13.280000000000001,0.0,0.0,0.0,0.0,0.0,0.0,1.0,1.0
52.435,13.345,0.0,0.0,0.0,0.0,0.0,0.0,1.0,1.0
52.435,13.445,0.0,0.0,0.0,0.0,0.0,0.0,1.0,1.0
52.435,13.465,0.0,0.0,0.0,0.0,0.0,0.0,2.0,2.0
52.435,13.515,0.0,0.0,0.0,0.0,0.0,0.0,1.0,1.0
52.435,13.530000000000001,2.0,9.02,4.51,24.525,2.0,2.0,4.0,2.0
52.435,13.540000000000001,3.0,23.38,7.793333333333333,11.216666666666667,3.0,2.0,6.0,3.0
52.435,13.545,5.0,6.78,1.356,33.7966666,4.0,5.0,8.0,3.0
52.435,13.56,3.0,24.64,8.213333333333333,22.955555666666665,3.0,3.0,2.0,-1.0
52.44,13.38,1.0,19.17,19.17,21.15,1.0,1.0,1.0,0.0
52.44,13.525,0.0,0.0,0.0,0.0,0.0,0.0,2.0,2.0
52.44,13.55,1.0,3.65,3.65,13.05,1.0,1.0,0.0,-1.0
52.445,13.315,0.0,0.0,0.0,0.0,0.0,0.0,1.0,1.0
52.445,13.34,0.0,0.0,0.0,0.0,0.0,0.0,1.0,1.0
52.445,13.435,0.0,0.0,0.0,0.0,0.0,0.0,1.0,1.0
52.445,13.450000000000001,0.0,0.0,0.0,0.0,0.0,0.0,1.0,1.0
52.445,13.455,0.0,0.0,0.0,0.0,0.0,0.0,1.0,1.0
52.445,13.505,1.0,0.01,0.01,50.35,1.0,1.0,2.0,1.0
52.445,13.51,1.0,5.67,5.67,63.116667,1.0,1.0,1.0,0.0
52.445,13.52,0.0,0.0,0.0,0.0,0.0,0.0,1.0,1.0
52.445,13.525,0.0,0.0,0.0,0.0,0.0,0.0,1.0,1.0
52.45,13.315,0.0,0.0,0.0,0.0,0.0,0.0,1.0,1.0
52.45,13.32,1.0,8.4,8.4,7.0,1.0,1.0,1.0,0.0
52.45,13.385,0.0,0.0,0.0,0.0,0.0,0.0,1.0,1.0
52.45,13.435,0.0,0.0,0.0,0.0,0.0,0.0,1.0,1.0
52.45,13.450000000000001,1.0,0.06,0.06,26.4,1.0,1.0,3.0,2.0
52.455,13.38,0.0,0.0,0.0,0.0,0.0,0.0,1.0,1.0
52.455,13.385,1.0,6.72,6.72,45.25,1.0,1.0,2.0,1.0
52.455,13.41,0.0,0.0,0.0,0.0,0.0,0.0,1.0,1.0
52.455,13.43,0.0,0.0,0.0,0.0,0.0,0.0,1.0,1.0
52.455,13.435,1.0,4.89,4.89,20.533333,1.0,1.0,0.0,-1.0
52.455,13.44,1.0,2.47,2.47,27.533333,1.0,1.0,1.0,0.0
52.455,13.450000000000001,0.0,0.0,0.0,0.0,0.0,0.0,1.0,1.0
52.455,13.51,3.0,10.149999999999999,3.383333333333333,9.988889,3.0,3.0,3.0,0.0
52.455,13.52,0.0,0.0,0.0,0.0,0.0,0.0,1.0,1.0
52.455,13.55,0.0,0.0,0.0,0.0,0.0,0.0,1.0,1.0
52.455,13.615,0.0,0.0,0.0,0.0,0.0,0.0,1.0,1.0
52.455,13.625,0.0,0.0,0.0,0.0,0.0,0.0,1.0,1.0
52.46,13.315,0.0,0.0,0.0,0.0,0.0,0.0,1.0,1.0
52.46,13.325000000000001,0.0,0.0,0.0,0.0,0.0,0.0,1.0,1.0
52.46,13.34,0.0,0.0,0.0,0.0,0.0,0.0,2.0,2.0
52.46,13.35,0.0,0.0,0.0,0.0,0.0,0.0,1.0,1.0
52.46,13.375,0.0,0.0,0.0,0.0,0.0,0.0,1.0,1.0
52.46,13.395,0.0,0.0,0.0,0.0,0.0,0.0,1.0,1.0
52.46,13.4,0.0,0.0,0.0,0.0,0.0,0.0,1.0,1.0
52.46,13.42,0.0,0.0,0.0,0.0,0.0,0.0,1.0,1.0
52.46,13.425,0.0,0.0,0.0,0.0,0.0,0.0,1.0,1.0
52.46,13.435,2.0,8.21,4.105,23.2333335,2.0,2.0,3.0,1.0
52.46,13.44,1.0,1.32,1.32,51.383333,1.0,1.0,1.0,0.0
52.46,13.445,3.0,15.090000000000002,5.03,4.1888890000000005,3.0,3.0,5.0,2.0
52.46,13.450000000000001,0.0,0.0,0.0,0.0,0.0,0.0,2.0,2.0
52.46,13.455,0.0,0.0,0.0,0.0,0.0,0.0,1.0,1.0
52.46,13.47,1.0,3.84,3.84,10.783333,1.0,1.0,0.0,-1.0
52.46,13.475,7.0,24.54,3.505714285714286,27.21666671428571,7.0,7.0,8.0,1.0
52.46,13.505,0.0,0.0,0.0,0.0,0.0,0.0,4.0,4.0
52.46,13.51,0.0,0.0,0.0,0.0,0.0,0.0,1.0,1.0
52.46,13.515,21.0,47.39,2.256666666666667,18.907936476190475,9.0,15.0,27.0,6.0
52.46,13.52,5.0,8.1,1.6199999999999999,9.9633332,3.0,5.0,7.0,2.0
52.46,13.58,1.0,17.05,17.05,44.65,1.0,1.0,0.0,-1.0
52.465,13.135,1.0,6.87,6.87,24.666667,1.0,1.0,0.0,-1.0
52.465,13.315,0.0,0.0,0.0,0.0,0.0,0.0,1.0,1.0
52.465,13.32,1.0,9.18,9.18,31.583333,1.0,1.0,2.0,1.0
52.465,13.325000000000001,7.0,24.21,3.4585714285714286,16.242857142857144,4.0,6.0,5.0,-2.0
52.465,13.33,1.0,7.0,7.0,20.933333,1.0,1.0,1.0,0.0
52.465,13.335,0.0,0.0,0.0,0.0,0.0,0.0,1.0,1.0
52.465,13.345,0.0,0.0,0.0,0.0,0.0,0.0,2.0,2.0
52.465,13.35,0.0,0.0,0.0,0.0,0.0,0.0,1.0,1.0
52.465,13.38,1.0,4.03,4.03,51.7,1.0,1.0,0.0,-1.0
52.465,13.42,23.0,91.6,3.9826086956521736,9.451449260869564,13.0,13.0,24.0,1.0
52.465,13.425,8.0,56.9,7.1125,19.010416624999998,8.0,8.0,14.0,6.0
52.465,13.43,25.0,96.61,3.8644,13.19200008,20.0,21.0,16.0,-9.0
52.465,13.435,31.0,155.15,5.004838709677419,10.633333322580645,17.0,22.0,26.0,-5.0
52.465,13.44,5.0,33.06,6.612,35.45,5.0,5.0,8.0,3.0
52.465,13.445,10.0,61.2,6.12,21.6283333,10.0,9.0,4.0,-6.0
52.465,13.450000000000001,1.0,3.57,3.57,0.25,1.0,1.0,1.0,0.0
52.465,13.455,0.0,0.0,0.0,0.0,0.0,0.0,1.0,1.0
52.465,13.465,1.0,6.17,6.17,23.75,1.0,1.0,0.0,-1.0
52.465,13.47,8.0,39.4,4.925,10.525000125,6.0,6.0,12.0,4.0
52.465,13.475,9.0,46.03,5.114444444444445,21.392592555555556,9.0,8.0,8.0,-1.0
52.465,13.5,0.0,0.0,0.0,0.0,0.0,0.0,1.0,1.0
52.465,13.505,0.0,0.0,0.0,0.0,0.0,0.0,1.0,1.0
52.465,13.51,146.0,511.15999999999997,3.5010958904109586,14.661757993150683,102.0,69.0,179.0,33.0
52.465,13.515,2.0,5.79,2.895,5.0916665,2.0,2.0,2.0,0.0
52.465,13.545,0.0,0.0,0.0,0.0,0.0,0.0,1.0,1.0
52.47,13.31,0.0,0.0,0.0,0.0,0.0,0.0,1.0,1.0
52.47,13.315,0.0,0.0,0.0,0.0,0.0,0.0,2.0,2.0
52.47,13.32,0.0,0.0,0.0,0.0,0.0,0.0,2.0,2.0
52.47,13.33,0.0,0.0,0.0,0.0,0.0,0.0,1.0,1.0
52.47,13.345,0.0,0.0,0.0,0.0,0.0,0.0,3.0,3.0
52.47,13.355,0.0,0.0,0.0,0.0,0.0,0.0,1.0,1.0
52.47,13.370000000000001,2.0,17.06,8.53,9.1833335,2.0,1.0,1.0,-1.0
52.47,13.38,1.0,9.23,9.23,24.483333,1.0,1.0,5.0,4.0
52.47,13.385,9.0,21.21,2.356666666666667,21.1,5.0,5.0,22.0,13.0
52.47,13.39,10.0,69.37,6.937,18.751666800000002,7.0,8.0,10.0,0.0
52.47,13.395,0.0,0.0,0.0,0.0,0.0,0.0,1.0,1.0
52.47,13.41,0.0,0.0,0.0,0.0,0.0,0.0,1.0,1.0
52.47,13.415000000000001,1.0,1.22,1.22,53.75,1.0,1.0,0.0,-1.0
52.47,13.42,24.0,127.56,5.315,10.206249999999999,16.0,18.0,33.0,9.0
52.47,13.425,22.0,92.98,4.2263636363636365,11.707575772727273,15.0,15.0,22.0,0.0
52.47,13.43,86.0,383.69,4.461511627906977,18.002906976744185,62.0,64.0,73.0,-13.0
52.47,13.435,21.0,120.0,5.714285714285714,20.527777761904765,17.0,21.0,24.0,3.0
52.47,13.44,51.0,269.06,5.275686274509804,17.799346392156863,39.0,41.0,68.0,17.0
52.47,13.445,42.0,198.14,4.717619047619047,21.801190404761904,32.0,36.0,72.0,30.0
52.47,13.450000000000001,49.0,204.07,4.16469387755102,17.201360530612245,39.0,38.0,92.0,43.0
52.47,13.455,1.0,2.62,2.62,51.033333,1.0,1.0,1.0,0.0
52.47,13.46,0.0,0.0,0.0,0.0,0.0,0.0,3.0,3.0
52.47,13.465,5.0,36.92,7.384,19.2366666,4.0,5.0,4.0,-1.0
52.47,13.495000000000001,1.0,7.25,7.25,37.0,1.0,1.0,0.0,-1.0
52.47,13.705,1.0,20.58,20.58,59.033333,1.0,1.0,0.0,-1.0
52.475,13.305,1.0,9.36,9.36,18.016667,1.0,1.0,0.0,-1.0
52.475,13.32,0.0,0.0,0.0,0.0,0.0,0.0,1.0,1.0
52.475,13.33,0.0,0.0,0.0,0.0,0.0,0.0,1.0,1.0
52.475,13.335,1.0,2.59,2.59,36.633333,1.0,1.0,0.0,-1.0
52.475,13.345,1.0,2.11,2.11,23.183333,1.0,1.0,0.0,-1.0
52.475,13.35,3.0,36.21,12.07,13.494444333333334,3.0,2.0,1.0,-2.0
52.475,13.355,24.0,135.57,5.64875,11.274305583333332,22.0,9.0,19.0,-5.0
52.475,13.36,62.0,286.01,4.6130645161290325,6.354032274193548,60.0,13.0,68.0,6.0
52.475,13.365,68.0,358.17,5.2672058823529415,14.285784352941176,53.0,47.0,77.0,9.0
52.475,13.370000000000001,1.0,5.4,5.4,10.766667,1.0,1.0,2.0,1.0
52.475,13.375,0.0,0.0,0.0,0.0,0.0,0.0,1.0,1.0
52.475,13.385,0.0,0.0,0.0,0.0,0.0,0.0,2.0,2.0
52.475,13.41,0.0,0.0,0.0,0.0,0.0,0.0,1.0,1.0
52.475,13.415000000000001,1.0,4.83,4.83,34.8,1.0,1.0,1.0,0.0
52.475,13.42,56.0,186.19,3.3248214285714286,15.876488125,33.0,48.0,67.0,11.0
52.475,13.425,44.0,167.99,3.817954545454546,24.49924234090909,39.0,35.0,65.0,21.0
52.475,13.43,37.0,103.47,2.7964864864864865,20.008558540540538,31.0,32.0,22.0,-15.0
52.475,13.435,7.0,20.91,2.987142857142857,18.073809285714287,7.0,6.0,6.0,-1.0
52.475,13.44,53.0,232.26,4.382264150943396,16.364465377358492,41.0,48.0,36.0,-17.0
52.475,13.445,46.0,213.71,4.645869565217391,12.039130391304347,34.0,38.0,42.0,-4.0
52.475,13.450000000000001,32.0,204.8,6.4,14.07968753125,28.0,30.0,35.0,3.0
52.475,13.455,60.0,271.36,4.522666666666667,12.1466666,37.0,55.0,64.0,4.0
52.475,13.46,0.0,0.0,0.0,0.0,0.0,0.0,2.0,2.0
52.475,13.465,4.0,17.33,4.3325,12.5625,3.0,3.0,12.0,8.0
52.475,13.48,0.0,0.0,0.0,0.0,0.0,0.0,1.0,1.0
52.475,13.485,1.0,20.9,20.9,0.45,1.0,1.0,1.0,0.0
52.475,13.51,0.0,0.0,0.0,0.0,0.0,0.0,1.0,1.0
52.480000000000004,13.280000000000001,1.0,11.57,11.57,18.2,1.0,1.0,1.0,0.0
52.480000000000004,13.295,0.0,0.0,0.0,0.0,0.0,0.0,1.0,1.0
52.480000000000004,13.305,1.0,6.05,6.05,20.183333,1.0,1.0,1.0,0.0
52.480000000000004,13.315,2.0,7.460000000000001,3.7300000000000004,40.7333335,2.0,2.0,2.0,0.0
52.480000000000004,13.32,0.0,0.0,0.0,0.0,0.0,0.0,2.0,2.0
52.480000000000004,13.325000000000001,1.0,14.43,14.43,8.35,1.0,1.0,1.0,0.0
52.480000000000004,13.33,6.0,25.53,4.255,28.500000166666666,4.0,6.0,13.0,7.0
52.480000000000004,13.335,2.0,22.65,11.325,27.716667,2.0,2.0,2.0,0.0
52.480000000000004,13.34,1.0,6.85,6.85,50.0,1.0,1.0,2.0,1.0
52.480000000000004,13.345,14.0,65.18,4.655714285714287,21.847619142857145,13.0,13.0,13.0,-1.0
52.480000000000004,13.35,25.0,134.43,5.3772,9.546,21.0,19.0,26.0,1.0
52.480000000000004,13.355,256.0,1115.4,4.35703125,7.005403640625,221.0,72.0,195.0,-61.0
52.480000000000004,13.36,6670.0,18234.15,2.7337556221889057,2.9196751670164915,1886.0,84.0,6825.0,155.0
52.480000000000004,13.365,5.0,35.769999999999996,7.153999999999999,4.2233334,4.0,4.0,6.0,1.0
52.480000000000004,13.375,1.0,12.02,12.02,23.0,1.0,1.0,1.0,0.0
52.480000000000004,13.385,4.0,23.9,5.975,24.174999999999997,4.0,4.0,8.0,4.0
52.480000000000004,13.405000000000001,3.0,22.75,7.583333333333333,17.25,3.0,3.0,7.0,4.0
52.480000000000004,13.41,16.0,72.27,4.516875,28.71875,15.0,16.0,9.0,-7.0
52.480000000000004,13.415000000000001,21.0,110.55,5.264285714285714,24.011111142857143,20.0,21.0,12.0,-9.0
52.480000000000004,13.42,84.0,362.41,4.314404761904762,17.448611107142856,61.0,75.0,75.0,-9.0
52.480000000000004,13.425,517.0,2377.88,4.599381044487427,21.67562860928433,356.0,399.0,514.0,-3.0
52.480000000000004,13.43,231.0,1044.24,4.52051948051948,14.982900428571428,162.0,182.0,294.0,63.0
52.480000000000004,13.435,853.0,3657.15,4.287397420867526,15.465416178194607,511.0,637.0,711.0,-142.0
52.480000000000004,13.44,787.0,3899.45,4.9548284625158825,13.706840330368488,473.0,570.0,731.0,-56.0
52.480000000000004,13.445,75.0,385.41,5.138800000000001,14.524222186666666,66.0,64.0,90.0,15.0
52.480000000000004,13.450000000000001,44.0,176.2,4.004545454545454,17.57689393181818,31.0,41.0,48.0,4.0
52.480000000000004,13.455,4.0,19.7,4.925,33.2875,4.0,4.0,5.0,1.0
52.480000000000004,13.475,0.0,0.0,0.0,0.0,0.0,0.0,1.0,1.0
52.480000000000004,13.485,0.0,0.0,0.0,0.0,0.0,0.0,1.0,1.0
52.480000000000004,13.495000000000001,0.0,0.0,0.0,0.0,0.0,0.0,1.0,1.0
52.480000000000004,13.5,0.0,0.0,0.0,0.0,0.0,0.0,1.0,1.0
52.485,13.3,0.0,0.0,0.0,0.0,0.0,0.0,2.0,2.0
52.485,13.315,2.0,7.63,3.815,65.275,2.0,2.0,3.0,1.0
52.485,13.32,10.0,71.61,7.161,16.066666700000003,8.0,10.0,16.0,6.0
52.485,13.325000000000001,17.0,96.03999999999999,5.6494117647058815,17.28431370588235,16.0,17.0,20.0,3.0
52.485,13.33,19.0,97.57,5.1352631578947365,24.901754526315788,18.0,16.0,23.0,4.0
52.485,13.335,14.0,19.490000000000002,1.3921428571428573,19.97023807142857,6.0,10.0,12.0,-2.0
52.485,13.34,1.0,3.07,3.07,12.816667,1.0,1.0,3.0,2.0
52.485,13.345,14.0,93.32000000000001,6.665714285714286,19.589285714285715,12.0,14.0,10.0,-4.0
52.485,13.35,13.0,46.78,3.5984615384615384,20.403846153846153,10.0,12.0,17.0,4.0
52.485,13.355,11.0,69.25,6.295454545454546,16.354545545454545,9.0,11.0,17.0,6.0
52.485,13.36,9.0,71.47999999999999,7.942222222222221,12.0,7.0,9.0,16.0,7.0
52.485,13.365,4.0,32.08,8.02,15.8041665,4.0,4.0,8.0,4.0
52.485,13.370000000000001,1.0,0.89,0.89,15.766667,1.0,1.0,4.0,3.0
52.485,13.375,4.0,35.71,8.9275,12.070833,4.0,4.0,5.0,1.0
52.485,13.38,6.0,32.44,5.406666666666666,11.308333499999998,6.0,6.0,6.0,0.0
52.485,13.385,14.0,54.03,3.8592857142857144,26.567857214285713,11.0,13.0,23.0,9.0
52.485,13.39,4.0,35.92,8.98,21.9208335,4.0,3.0,5.0,1.0
52.485,13.395,5.0,13.54,2.7079999999999997,18.8300002,4.0,5.0,7.0,2.0
52.485,13.4,1.0,10.44,10.44,3.666667,1.0,1.0,0.0,-1.0
52.485,13.405000000000001,3.0,17.92,5.973333333333334,23.03333333333333,3.0,3.0,4.0,1.0
52.485,13.41,0.0,0.0,0.0,0.0,0.0,0.0,2.0,2.0
52.485,13.415000000000001,3.0,11.8,3.9333333333333336,18.066666666666666,3.0,3.0,4.0,1.0
52.485,13.42,121.0,585.27,4.836942148760331,16.534710743801654,90.0,107.0,123.0,2.0
52.485,13.425,473.0,2304.6,4.8723044397463005,11.11983790486258,299.0,393.0,476.0,3.0
52.485,13.43,980.0,4570.21,4.663479591836735,11.496258502040817,523.0,724.0,906.0,-74.0
52.485,13.435,628.0,2829.4,4.505414012738854,11.660111458598726,364.0,471.0,722.0,94.0
52.485,13.44,388.0,2001.49,5.158479381443299,13.062027494845362,249.0,296.0,471.0,83.0
52.485,13.445,359.0,1767.46,4.923286908077994,11.791643470752089,216.0,268.0,391.0,32.0
52.485,13.450000000000001,23.0,101.83,4.427391304347826,20.719565217391303,20.0,22.0,24.0,1.0
52.485,13.455,7.0,35.730000000000004,5.104285714285715,17.98809514285714,6.0,6.0,8.0,1.0
52.485,13.46,0.0,0.0,0.0,0.0,0.0,0.0,2.0,2.0
52.485,13.465,0.0,0.0,0.0,0.0,0.0,0.0,2.0,2.0
52.485,13.47,0.0,0.0,0.0,0.0,0.0,0.0,1.0,1.0
52.485,13.48,3.0,13.229999999999999,4.409999999999999,20.861110999999998,3.0,3.0,2.0,-1.0
52.485,13.485,0.0,0.0,0.0,0.0,0.0,0.0,1.0,1.0
52.485,13.5,1.0,10.57,10.57,17.216667,1.0,1.0,2.0,1.0
52.485,13.505,1.0,6.75,6.75,41.433333,1.0,1.0,0.0,-1.0
52.49,13.14,0.0,0.0,0.0,0.0,0.0,0.0,1.0,1.0
52.49,13.285,1.0,5.02,5.02,23.916667,1.0,1.0,0.0,-1.0
52.49,13.3,2.0,16.240000000000002,8.120000000000001,10.9666665,2.0,2.0,4.0,2.0
52.49,13.31,3.0,18.32,6.1066666666666665,26.28333333333333,3.0,3.0,5.0,2.0
52.49,13.315,23.0,102.76,4.467826086956522,28.66376808695652,22.0,21.0,34.0,11.0
52.49,13.32,6.0,29.060000000000002,4.843333333333334,20.25555566666667,5.0,6.0,11.0,5.0
52.49,13.325000000000001,16.0,99.93,6.245625,15.5124999375,14.0,16.0,22.0,6.0
52.49,13.33,32.0,186.91,5.8409375,14.7734374375,26.0,28.0,33.0,1.0
52.49,13.335,16.0,119.08,7.4425,17.70520825,15.0,16.0,18.0,2.0
52.49,13.34,20.0,103.91,5.1955,21.8916667,17.0,18.0,27.0,7.0
52.49,13.345,27.0,175.05,6.483333333333333,12.30370374074074,23.0,25.0,30.0,3.0
52.49,13.35,23.0,179.78,7.816521739130435,19.065217391304348,20.0,22.0,39.0,16.0
52.49,13.355,45.0,183.32999999999998,4.074,19.678518577777776,33.0,37.0,57.0,12.0
52.49,13.36,56.0,235.78,4.210357142857143,22.144642857142856,47.0,53.0,94.0,38.0
52.49,13.365,6.0,39.3,6.55,16.322222166666666,6.0,6.0,6.0,0.0
52.49,13.370000000000001,16.0,115.51,7.219375,19.096874875,14.0,15.0,23.0,7.0
52.49,13.375,19.0,94.32000000000001,4.96421052631579,19.874561315789474,17.0,17.0,31.0,12.0
52.49,13.38,17.0,66.33,3.901764705882353,16.591176470588238,12.0,16.0,22.0,5.0
52.49,13.385,43.0,201.01,4.674651162790697,22.639922511627905,38.0,43.0,64.0,21.0
52.49,13.39,89.0,382.0,4.292134831460674,16.724344595505617,57.0,73.0,103.0,14.0
52.49,13.395,77.0,447.11,5.806623376623377,18.826190493506495,62.0,66.0,97.0,20.0
52.49,13.4,25.0,142.76,5.7104,19.558,25.0,23.0,32.0,7.0
52.49,13.405000000000001,86.0,490.77,5.706627906976744,18.54360460465116,77.0,79.0,75.0,-11.0
52.49,13.41,452.0,2418.42,5.350486725663717,16.58130532079646,305.0,366.0,532.0,80.0
52.49,13.415000000000001,259.0,1314.66,5.075907335907337,12.464800513513513,171.0,202.0,323.0,64.0
52.49,13.42,267.0,1288.5,4.825842696629214,13.15917602247191,185.0,223.0,276.0,9.0
52.49,13.425,840.0,3872.34,4.609928571428572,13.554642854761905,486.0,642.0,760.0,-80.0
52.49,13.43,413.0,2241.19,5.426610169491526,13.258757050847459,294.0,340.0,417.0,4.0
52.49,13.435,415.0,2020.78,4.869349397590361,11.113895587951806,250.0,295.0,487.0,72.0
52.49,13.44,93.0,414.6,4.458064516129032,13.905555602150537,68.0,82.0,105.0,12.0
52.49,13.445,13.0,34.06,2.62,21.92948723076923,10.0,12.0,14.0,1.0
52.49,13.450000000000001,31.0,135.24,4.362580645161291,15.488172032258065,26.0,27.0,30.0,-1.0
52.49,13.455,27.0,190.81,7.0670370370370375,13.204938333333333,19.0,24.0,47.0,20.0
52.49,13.46,40.0,199.44,4.986,19.804583325,37.0,39.0,45.0,5.0
52.49,13.465,0.0,0.0,0.0,0.0,0.0,0.0,3.0,3.0
52.49,13.47,3.0,13.170000000000002,4.390000000000001,12.327777666666668,3.0,3.0,1.0,-2.0
52.49,13.475,2.0,7.9399999999999995,3.9699999999999998,26.6666665,2.0,2.0,1.0,-1.0
52.49,13.48,3.0,20.490000000000002,6.830000000000001,22.116666999999996,3.0,3.0,0.0,-3.0
52.49,13.49,2.0,14.870000000000001,7.4350000000000005,23.841666500000002,2.0,2.0,2.0,0.0
52.495000000000005,13.290000000000001,4.0,29.55,7.3875,11.0666665,4.0,4.0,5.0,1.0
52.495000000000005,13.295,2.0,9.7,4.85,32.166667,2.0,2.0,2.0,0.0
52.495000000000005,13.3,7.0,37.34,5.3342857142857145,17.554762,7.0,7.0,7.0,0.0
52.495000000000005,13.305,6.0,19.3,3.216666666666667,25.922222166666668,6.0,6.0,4.0,-2.0
52.495000000000005,13.31,103.0,670.57,6.510388349514564,13.75242718446602,88.0,84.0,136.0,33.0
52.495000000000005,13.315,93.0,550.41,5.918387096774193,13.432795709677421,76.0,75.0,104.0,11.0
52.495000000000005,13.32,125.0,841.63,6.73304,11.715866664,103.0,95.0,164.0,39.0
52.495000000000005,13.325000000000001,249.0,1466.7,5.890361445783133,12.69551540562249,193.0,202.0,314.0,65.0
52.495000000000005,13.33,188.0,1212.4,6.448936170212766,12.74929080319149,150.0,148.0,259.0,71.0
52.495000000000005,13.335,185.0,1120.4,6.0562162162162165,13.764054032432432,151.0,132.0,239.0,54.0
52.495000000000005,13.34,170.0,896.29,5.272294117647059,10.914901935294118,130.0,126.0,210.0,40.0
52.495000000000005,13.345,175.0,980.65,5.603714285714285,12.508666645714285,128.0,136.0,243.0,68.0
52.495000000000005,13.35,90.0,524.18,5.824222222222222,13.336666722222223,75.0,71.0,144.0,54.0
52.495000000000005,13.355,227.0,1111.93,4.8983700440528635,14.16975037444934,178.0,179.0,291.0,64.0
52.495000000000005,13.36,367.0,1638.79,4.465367847411444,19.26130791280654,261.0,300.0,520.0,153.0
52.495000000000005,13.365,83.0,378.31,4.557951807228916,20.74759034939759,70.0,79.0,129.0,46.0
52.495000000000005,13.370000000000001,25.0,129.75,5.19,13.339333360000001,20.0,24.0,46.0,21.0
52.495000000000005,13.375,10.0,36.300000000000004,3.6300000000000003,11.5783334,5.0,10.0,13.0,3.0
52.495000000000005,13.38,23.0,87.38,3.7991304347826085,15.33188408695652,18.0,22.0,25.0,2.0
52.495000000000005,13.385,78.0,328.0,4.205128205128205,12.513034153846153,35.0,64.0,93.0,15.0
52.495000000000005,13.39,346.0,1744.54,5.042023121387283,14.89985547398844,235.0,303.0,416.0,70.0
52.495000000000005,13.395,102.0,527.74,5.173921568627451,20.54656864705882,84.0,84.0,164.0,62.0
52.495000000000005,13.4,33.0,211.31,6.403333333333333,15.632323303030303,29.0,30.0,39.0,6.0
52.495000000000005,13.405000000000001,24.0,123.52,5.1466666666666665,17.337500000000002,23.0,21.0,36.0,12.0
52.495000000000005,13.41,26.0,133.09,5.118846153846154,20.33717946153846,24.0,25.0,26.0,0.0
52.495000000000005,13.415000000000001,270.0,1138.17,4.2154444444444445,14.1582099,177.0,220.0,355.0,85.0
52.495000000000005,13.42,553.0,3103.0099999999998,5.611229656419529,13.698734189873418,386.0,460.0,660.0,107.0
52.495000000000005,13.425,240.0,1277.45,5.322708333333334,14.281250004166667,201.0,209.0,301.0,61.0
52.495000000000005,13.43,321.0,1811.89,5.644517133956387,12.079698862928348,241.0,268.0,394.0,73.0
52.495000000000005,13.435,322.0,1931.19,5.99748447204969,12.495755686335404,240.0,250.0,333.0,11.0
52.495000000000005,13.44,337.0,1978.32,5.870385756676558,13.502670602373888,271.0,267.0,328.0,-9.0
52.495000000000005,13.445,104.0,557.09,5.356634615384616,14.647435865384615,79.0,95.0,123.0,19.0
52.495000000000005,13.450000000000001,844.0,5178.86,6.136090047393364,15.216962880331753,637.0,760.0,717.0,-127.0
52.495000000000005,13.455,262.0,1321.4,5.04351145038168,12.475763366412213,197.0,234.0,324.0,62.0
52.495000000000005,13.46,142.0,696.08,4.901971830985916,16.6214788943662,101.0,116.0,181.0,39.0
52.495000000000005,13.465,223.0,1422.38,6.3783856502242156,13.930119591928252,183.0,202.0,263.0,40.0
52.495000000000005,13.47,2.0,7.710000000000001,3.8550000000000004,13.675,2.0,2.0,4.0,2.0
52.495000000000005,13.475,0.0,0.0,0.0,0.0,0.0,0.0,1.0,1.0
52.495000000000005,13.48,0.0,0.0,0.0,0.0,0.0,0.0,1.0,1.0
52.495000000000005,13.485,1.0,8.63,8.63,27.966667,1.0,1.0,0.0,-1.0
52.495000000000005,13.49,1.0,12.52,12.52,7.033333,1.0,1.0,2.0,1.0
52.495000000000005,13.5,0.0,0.0,0.0,0.0,0.0,0.0,1.0,1.0
52.495000000000005,13.505,0.0,0.0,0.0,0.0,0.0,0.0,2.0,2.0
52.495000000000005,13.51,0.0,0.0,0.0,0.0,0.0,0.0,1.0,1.0
52.495000000000005,13.525,0.0,0.0,0.0,0.0,0.0,0.0,4.0,4.0
52.5,13.27,3.0,18.39,6.13,17.849999666666665,3.0,3.0,4.0,1.0
52.5,13.275,1.0,3.9,3.9,12.2,1.0,1.0,1.0,0.0
52.5,13.285,1.0,13.62,13.62,27.0,1.0,1.0,1.0,0.0
52.5,13.290000000000001,0.0,0.0,0.0,0.0,0.0,0.0,2.0,2.0
52.5,13.295,32.0,214.37,6.6990625,15.16770828125,25.0,31.0,36.0,4.0
52.5,13.3,34.0,176.96,5.2047058823529415,13.904411764705882,27.0,27.0,45.0,11.0
52.5,13.305,424.0,2322.78,5.478254716981133,13.354677674528302,298.0,350.0,516.0,92.0
52.5,13.31,568.0,3095.23,5.449348591549295,14.539319251760562,410.0,464.0,663.0,95.0
52.5,13.315,2207.0,11439.01,5.183058450385138,12.923833263253284,1061.0,1494.0,1887.0,-320.0
52.5,13.32,1953.0,10244.8,5.245673323092678,11.826600106502816,1056.0,1426.0,1554.0,-399.0
52.5,13.325000000000001,1205.0,6205.37,5.149684647302904,12.636984767634855,771.0,968.0,1188.0,-17.0
52.5,13.33,542.0,2905.06,5.3598892988929885,11.788622387453875,396.0,458.0,650.0,108.0
52.5,13.335,739.0,3454.44,4.674479025710419,12.326184027063599,483.0,528.0,823.0,84.0
52.5,13.34,1552.0,7696.56,4.959123711340206,13.049377137242267,912.0,1249.0,1518.0,-34.0
52.5,13.345,1456.0,7316.77,5.025254120879121,14.264239936126375,845.0,1147.0,1415.0,-41.0
52.5,13.35,1414.0,7314.66,5.173026874115983,14.148196615983027,844.0,986.0,1134.0,-280.0
52.5,13.355,1568.0,7803.87,4.976957908163265,14.506069295918367,841.0,1174.0,1371.0,-197.0
52.5,13.36,565.0,2588.76,4.581876106194691,15.190088490265488,351.0,453.0,608.0,43.0
52.5,13.365,423.0,2008.65,4.7485815602836885,17.845547678486998,321.0,383.0,515.0,92.0
52.5,13.370000000000001,40.0,176.28,4.407,20.040416625,35.0,38.0,64.0,24.0
52.5,13.375,62.0,342.38,5.522258064516129,21.371774258064516,57.0,61.0,75.0,13.0
52.5,13.38,152.0,681.99,4.486776315789474,18.62675440131579,127.0,146.0,186.0,34.0
52.5,13.385,761.0,3661.5,4.811432325886991,16.67019273850197,497.0,580.0,775.0,14.0
52.5,13.39,1109.0,6105.28,5.505211902614969,17.272648023444543,754.0,933.0,1250.0,141.0
52.5,13.395,450.0,2629.94,5.844311111111111,16.590703682222223,345.0,380.0,590.0,140.0
52.5,13.4,91.0,422.78,4.645934065934066,8.475274714285714,54.0,71.0,114.0,23.0
52.5,13.405000000000001,78.0,394.21999999999997,5.054102564102564,17.440598307692305,66.0,66.0,97.0,19.0
52.5,13.41,181.0,744.33,4.112320441988951,14.081491685082874,102.0,126.0,184.0,3.0
52.5,13.415000000000001,342.0,1740.27,5.088508771929824,17.744103295321636,258.0,287.0,376.0,34.0
52.5,13.42,1196.0,6925.98,5.790953177257525,15.172324429765887,772.0,961.0,1402.0,206.0
52.5,13.425,626.0,3422.11,5.466629392971246,14.567305653354632,436.0,512.0,733.0,107.0
52.5,13.43,1097.0,6761.33,6.163473108477667,13.820237003646309,757.0,905.0,922.0,-175.0
52.5,13.435,509.0,2930.57,5.757504911591356,14.310248862475442,384.0,424.0,543.0,34.0
52.5,13.44,1257.0,7965.32,6.336770087509944,14.234725540970565,851.0,1064.0,1248.0,-9.0
52.5,13.445,1428.0,8968.01,6.280119047619047,13.889017273109243,933.0,1137.0,1452.0,24.0
52.5,13.450000000000001,558.0,3496.0,6.265232974910394,11.270430100358423,417.0,415.0,669.0,111.0
52.5,13.455,291.0,2030.61,6.978041237113402,10.809736577319587,230.0,215.0,321.0,30.0
52.5,13.46,340.0,2321.15,6.826911764705883,10.287500014705882,239.0,212.0,409.0,69.0
52.5,13.465,370.0,2361.1,6.381351351351351,11.28945945945946,266.0,264.0,420.0,50.0
52.5,13.47,137.0,617.24,4.505401459854014,15.47153283211679,112.0,123.0,169.0,32.0
52.5,13.475,5.0,27.39,5.478,10.9333332,4.0,5.0,16.0,11.0
52.5,13.48,1.0,4.55,4.55,24.45,1.0,1.0,0.0,-1.0
52.5,13.485,0.0,0.0,0.0,0.0,0.0,0.0,1.0,1.0
52.5,13.49,0.0,0.0,0.0,0.0,0.0,0.0,1.0,1.0
52.5,13.495000000000001,0.0,0.0,0.0,0.0,0.0,0.0,1.0,1.0
52.5,13.52,1.0,5.6,5.6,36.65,1.0,1.0,1.0,0.0
52.505,13.23,0.0,0.0,0.0,0.0,0.0,0.0,1.0,1.0
52.505,13.265,0.0,0.0,0.0,0.0,0.0,0.0,3.0,3.0
52.505,13.27,1.0,1.76,1.76,18.0,1.0,1.0,0.0,-1.0
52.505,13.275,0.0,0.0,0.0,0.0,0.0,0.0,2.0,2.0
52.505,13.280000000000001,7.0,42.1,6.014285714285714,20.021428571428572,6.0,7.0,12.0,5.0
52.505,13.285,0.0,0.0,0.0,0.0,0.0,0.0,1.0,1.0
52.505,13.290000000000001,1.0,5.3,5.3,4.533333,1.0,1.0,4.0,3.0
52.505,13.295,19.0,64.22,3.38,14.595614105263158,14.0,16.0,30.0,11.0
52.505,13.3,128.0,683.63,5.340859375,12.0205729296875,81.0,111.0,168.0,40.0
52.505,13.305,517.0,2559.03,4.949767891682786,12.931431323017408,331.0,421.0,631.0,114.0
52.505,13.31,199.0,1059.35,5.323366834170854,14.208207703517587,160.0,181.0,252.0,53.0
52.505,13.315,890.0,5142.15,5.777696629213483,13.557902616853932,592.0,676.0,937.0,47.0
52.505,13.32,1117.0,5790.76,5.18420769919427,11.958758581020591,714.0,852.0,1209.0,92.0
52.505,13.325000000000001,1620.0,8425.34,5.200827160493827,12.042037035185185,934.0,1200.0,1449.0,-171.0
52.505,13.33,4386.0,22332.47,5.091762425900593,13.032668344277246,1695.0,3274.0,3993.0,-393.0
52.505,13.335,5307.0,25914.52,4.883082720934615,14.730808359902015,1903.0,3996.0,4888.0,-419.0
52.505,13.34,3417.0,17911.42,5.241855428738659,14.338557213930347,1565.0,2731.0,2878.0,-539.0
52.505,13.345,1459.0,8275.95,5.6723440712817,13.840827044551062,874.0,1096.0,1394.0,-65.0
52.505,13.35,1426.0,8071.41,5.660175315568022,14.942239366058905,876.0,1078.0,1414.0,-12.0
52.505,13.355,417.0,2199.35,5.274220623501199,17.056235038369305,324.0,327.0,447.0,30.0
52.505,13.36,108.0,629.8,5.8314814814814815,16.760648185185186,101.0,91.0,145.0,37.0
52.505,13.365,301.0,1803.29,5.990996677740863,14.844905867109633,244.0,266.0,372.0,71.0
52.505,13.370000000000001,320.0,1472.28,4.600875,15.828437521875,220.0,261.0,424.0,104.0
52.505,13.375,825.0,3930.59,4.764351515151516,14.53507069939394,521.0,646.0,977.0,152.0
52.505,13.38,868.0,4521.55,5.209158986175115,14.283947771889402,594.0,726.0,883.0,15.0
52.505,13.385,1285.0,7027.34,5.4687470817120625,14.529312584435797,865.0,1071.0,1234.0,-51.0
52.505,13.39,1533.0,8636.21,5.6335355512067835,16.054272672537508,1005.0,1275.0,1366.0,-167.0
52.505,13.395,743.0,4256.96,5.729421265141319,13.92108568371467,532.0,569.0,761.0,18.0
52.505,13.4,558.0,2941.06,5.270716845878136,11.773894853046594,365.0,417.0,612.0,54.0
52.505,13.405000000000001,56.0,299.32,5.345,11.244940517857144,43.0,48.0,78.0,22.0
52.505,13.41,155.0,785.74,5.069290322580645,13.571935477419354,102.0,126.0,169.0,14.0
52.505,13.415000000000001,212.0,1215.85,5.735141509433962,14.778144646226414,167.0,194.0,311.0,99.0
52.505,13.42,471.0,2534.43,5.380955414012739,16.7497876985138,331.0,385.0,566.0,95.0
52.505,13.425,57.0,281.57,4.939824561403508,13.680701736842105,40.0,51.0,61.0,4.0
52.505,13.43,358.0,2300.25,6.425279329608938,13.346182466480448,294.0,319.0,294.0,-64.0
52.505,13.435,234.0,1282.88,5.482393162393163,12.001994316239315,163.0,204.0,239.0,5.0
52.505,13.44,1511.0,8680.05,5.744573130377233,12.438285911978822,897.0,1202.0,1564.0,53.0
52.505,13.445,3790.0,20259.69,5.345564643799472,13.07752418469657,1611.0,2889.0,3086.0,-704.0
52.505,13.450000000000001,2983.0,17269.87,5.789430103922226,12.099240143144485,1475.0,2293.0,2654.0,-329.0
52.505,13.455,191.0,1016.79,5.323507853403141,9.710907502617802,157.0,158.0,257.0,66.0
52.505,13.46,161.0,965.23,5.995217391304348,8.08395446583851,136.0,134.0,202.0,41.0
52.505,13.465,390.0,2079.53,5.332128205128206,11.449529912820513,296.0,326.0,451.0,61.0
52.505,13.47,1532.0,9301.12,6.071227154046998,10.999521325718016,874.0,1082.0,1577.0,45.0
52.505,13.475,75.0,491.03000000000003,6.547066666666667,5.856444426666667,61.0,14.0,57.0,-18.0
52.505,13.48,1.0,2.77,2.77,13.216667,1.0,1.0,1.0,0.0
52.505,13.5,1.0,3.13,3.13,12.716667,1.0,1.0,1.0,0.0
52.505,13.51,1.0,17.63,17.63,23.666667,1.0,1.0,1.0,0.0
52.51,13.245000000000001,1.0,3.21,3.21,21.0,1.0,1.0,1.0,0.0
52.51,13.26,0.0,0.0,0.0,0.0,0.0,0.0,1.0,1.0
52.51,13.27,1.0,8.93,8.93,15.233333,1.0,1.0,0.0,-1.0
52.51,13.280000000000001,3.0,20.19,6.73,32.550000000000004,3.0,3.0,3.0,0.0
52.51,13.285,0.0,0.0,0.0,0.0,0.0,0.0,3.0,3.0
52.51,13.290000000000001,3.0,10.76,3.5866666666666664,51.40555533333333,3.0,3.0,4.0,1.0
52.51,13.295,28.0,135.58,4.842142857142858,15.308333321428572,22.0,24.0,52.0,24.0
52.51,13.3,146.0,738.2,5.0561643835616445,16.93550226027397,113.0,129.0,211.0,65.0
52.51,13.305,271.0,1305.76,4.81830258302583,14.029643254612544,190.0,240.0,373.0,102.0
52.51,13.31,200.0,1063.16,5.3158,13.590916655000001,142.0,166.0,261.0,61.0
52.51,13.315,408.0,2421.3,5.934558823529412,12.711315357843137,293.0,287.0,502.0,94.0
52.51,13.32,362.0,2005.95,5.541298342541436,12.53577347237569,257.0,285.0,441.0,79.0
52.51,13.325000000000001,646.0,3733.19,5.778931888544892,12.792260061919503,454.0,504.0,678.0,32.0
52.51,13.33,397.0,2010.83,5.065062972292191,13.383459272040303,303.0,338.0,289.0,-108.0
52.51,13.335,88.0,332.8,3.7818181818181817,19.656439375,81.0,86.0,32.0,-56.0
52.51,13.34,4.0,16.82,4.205,22.50833325,4.0,4.0,4.0,0.0
52.51,13.345,32.0,178.37,5.5740625,16.49166659375,29.0,32.0,43.0,11.0
52.51,13.35,587.0,3404.7,5.800170357751277,15.575383337308345,396.0,497.0,660.0,73.0
52.51,13.355,21.0,118.66,5.650476190476191,11.851587333333333,16.0,19.0,41.0,20.0
52.51,13.36,11.0,59.699999999999996,5.427272727272727,25.41212118181818,10.0,11.0,12.0,1.0
52.51,13.365,41.0,225.24,5.493658536585366,15.33495931707317,32.0,40.0,50.0,9.0
52.51,13.370000000000001,584.0,2973.04,5.090821917808219,15.942694078767124,438.0,538.0,636.0,52.0
52.51,13.375,4334.0,21351.77,4.926573604060914,16.806383633825565,1759.0,3541.0,3843.0,-491.0
52.51,13.38,1626.0,8181.39,5.03160516605166,15.36093685608856,1000.0,1427.0,1714.0,88.0
52.51,13.385,1476.0,7073.31,4.792215447154472,13.068112009485095,855.0,1193.0,1494.0,18.0
52.51,13.39,3808.0,20816.89,5.4666202731092435,15.436751576680672,1700.0,3053.0,3147.0,-661.0
52.51,13.395,670.0,3995.79,5.963865671641791,12.075746270149255,492.0,536.0,808.0,138.0
52.51,13.4,758.0,4748.27,6.264208443271769,13.470052766490765,537.0,565.0,878.0,120.0
52.51,13.405000000000001,546.0,3331.05,6.100824175824176,12.98980467032967,389.0,399.0,662.0,116.0
52.51,13.41,394.0,2567.54,6.516598984771574,13.439170888324874,322.0,306.0,465.0,71.0
52.51,13.415000000000001,1299.0,8351.23,6.42896843725943,12.997870160123172,842.0,1035.0,1311.0,12.0
52.51,13.42,918.0,5646.09,6.1504248366013075,12.364397238562091,633.0,700.0,944.0,26.0
52.51,13.425,1492.0,9287.53,6.224886058981234,13.073949946380699,957.0,1161.0,1526.0,34.0
52.51,13.43,1105.0,6937.93,6.2786696832579185,14.052684768325792,760.0,914.0,945.0,-160.0
52.51,13.435,2820.0,16236.91,5.7577695035461,13.903209221985815,1379.0,2120.0,2742.0,-78.0
52.51,13.44,213.0,1267.66,5.951455399061033,10.701721460093898,185.0,199.0,270.0,57.0
52.51,13.445,351.0,1964.04,5.595555555555555,10.998907868945869,267.0,275.0,439.0,88.0
52.51,13.450000000000001,2838.0,17603.93,6.202935165609584,12.18200611134602,1477.0,2138.0,2381.0,-457.0
52.51,13.455,2277.0,13066.3,5.738383838383838,11.831232617039966,1260.0,1708.0,2183.0,-94.0
52.51,13.46,1990.0,11536.24,5.797105527638191,11.813082085427137,1153.0,1470.0,1677.0,-313.0
52.51,13.465,1011.0,6348.62,6.279545004945598,9.965924819980218,669.0,637.0,855.0,-156.0
52.51,13.47,508.0,3169.38,6.238937007874016,9.791174539370079,384.0,344.0,589.0,81.0
52.51,13.475,222.0,1489.2,6.708108108108108,11.246696666666669,175.0,149.0,291.0,69.0
52.51,13.48,3.0,22.65,7.55,12.144444333333333,3.0,3.0,9.0,6.0
52.51,13.485,7.0,44.91,6.4157142857142855,11.695238000000002,6.0,4.0,0.0,-7.0
52.51,13.49,2.0,21.240000000000002,10.620000000000001,27.049999999999997,2.0,2.0,1.0,-1.0
52.51,13.495000000000001,1.0,8.32,8.32,8.5,1.0,1.0,2.0,1.0
52.51,13.5,3.0,11.600000000000001,3.866666666666667,29.600000333333337,3.0,3.0,7.0,4.0
52.51,13.505,1.0,3.64,3.64,33.35,1.0,1.0,2.0,1.0
52.51,13.51,1.0,11.45,11.45,17.333333,1.0,1.0,0.0,-1.0
52.51,13.52,0.0,0.0,0.0,0.0,0.0,0.0,2.0,2.0
52.51,13.530000000000001,0.0,0.0,0.0,0.0,0.0,0.0,1.0,1.0
52.51,13.565,0.0,0.0,0.0,0.0,0.0,0.0,1.0,1.0
52.51,13.61,1.0,13.79,13.79,35.3,1.0,1.0,0.0,-1.0
52.515,13.245000000000001,0.0,0.0,0.0,0.0,0.0,0.0,2.0,2.0
52.515,13.25,2.0,9.629999999999999,4.8149999999999995,3.866667,1.0,1.0,2.0,0.0
52.515,13.26,0.0,0.0,0.0,0.0,0.0,0.0,1.0,1.0
52.515,13.280000000000001,0.0,0.0,0.0,0.0,0.0,0.0,1.0,1.0
52.515,13.285,1.0,10.2,10.2,2.633333,1.0,1.0,2.0,1.0
52.515,13.290000000000001,1.0,0.69,0.69,40.166667,1.0,1.0,3.0,2.0
52.515,13.295,19.0,96.3,5.068421052631579,27.730701736842104,19.0,15.0,18.0,-1.0
52.515,13.3,15.0,69.82,4.6546666666666665,20.98999993333333,14.0,15.0,22.0,7.0
52.515,13.305,49.0,198.52,4.051428571428572,12.23129248979592,32.0,38.0,69.0,20.0
52.515,13.31,14.0,56.48,4.034285714285714,20.109524,13.0,14.0,35.0,21.0
52.515,13.315,47.0,230.18,4.897446808510638,10.49468085106383,35.0,37.0,66.0,19.0
52.515,13.32,69.0,442.96999999999997,6.4198550724637675,16.048792260869565,64.0,66.0,100.0,31.0
52.515,13.325000000000001,121.0,727.83,6.0151239669421495,16.342699685950414,102.0,105.0,165.0,44.0
52.515,13.33,101.0,694.37,6.874950495049505,17.077557772277228,91.0,93.0,135.0,34.0
52.515,13.335,298.0,1838.87,6.170704697986577,16.522259506711407,223.0,269.0,394.0,96.0
52.515,13.34,94.0,601.53,6.399255319148936,18.695744691489363,78.0,88.0,127.0,33.0
52.515,13.345,43.0,177.64000000000001,4.131162790697675,12.427906953488371,24.0,38.0,59.0,16.0
52.515,13.35,1046.0,6532.98,6.245678776290631,19.016523260994262,723.0,975.0,1029.0,-17.0
52.515,13.355,76.0,500.2,6.5815789473684205,11.674122763157895,60.0,73.0,112.0,36.0
52.515,13.36,44.0,262.85,5.973863636363637,16.53371209090909,42.0,44.0,83.0,39.0
52.515,13.365,90.0,446.68,4.963111111111111,13.342777777777776,74.0,87.0,116.0,26.0
52.515,13.370000000000001,278.0,1593.0,5.73021582733813,16.640467615107912,227.0,268.0,323.0,45.0
52.515,13.375,3345.0,14755.54,4.411222720478326,18.828261094768312,1579.0,2964.0,2848.0,-497.0
52.515,13.38,4987.0,22586.05,4.5289853619410465,17.40933426649288,1852.0,4155.0,5219.0,232.0
52.515,13.385,675.0,3310.71,4.904755555555556,13.994024718518517,520.0,611.0,793.0,118.0
52.515,13.39,3013.0,16066.92,5.332532359774311,14.61770660736807,1490.0,2422.0,2432.0,-581.0
52.515,13.395,1602.0,8533.67,5.326885143570537,12.917634214107366,980.0,1351.0,1443.0,-159.0
52.515,13.4,296.0,1543.91,5.215912162162162,12.732826581081081,239.0,248.0,366.0,70.0
52.515,13.405000000000001,1202.0,6547.44,5.4471214642262895,12.825776477537438,763.0,980.0,1149.0,-53.0
52.515,13.41,783.0,4382.97,5.597662835249042,13.512920398467433,591.0,666.0,840.0,57.0
52.515,13.415000000000001,511.0,2769.15,5.419080234833659,14.01793869667319,405.0,436.0,526.0,15.0
52.515,13.42,739.0,4428.75,5.9928958051420835,12.585588634641407,522.0,633.0,856.0,117.0
52.515,13.425,1224.0,6757.67,5.520972222222222,14.366407959150326,747.0,897.0,1213.0,-11.0
52.515,13.43,314.0,1838.73,5.855828025477707,11.974628449044586,249.0,246.0,320.0,6.0
52.515,13.435,116.0,789.47,6.805775862068966,10.707758663793104,104.0,103.0,169.0,53.0
52.515,13.44,483.0,3414.26,7.068861283643892,11.488026244306418,392.0,384.0,450.0,-33.0
52.515,13.445,622.0,4145.23,6.664356913183279,9.883413728295821,445.0,445.0,527.0,-95.0
52.515,13.450000000000001,514.0,3409.18,6.632645914396887,10.816796365758755,397.0,413.0,582.0,68.0
52.515,13.455,2791.0,18957.32,6.792303833751343,11.420966211393766,1438.0,1961.0,2112.0,-679.0
52.515,13.46,1665.0,10082.41,6.055501501501501,12.607777772372373,1005.0,1217.0,1315.0,-350.0
52.515,13.465,1066.0,6698.54,6.283808630393996,12.540916188555348,729.0,799.0,1048.0,-18.0
52.515,13.47,564.0,3510.86,6.224929078014185,11.143173765957448,412.0,403.0,566.0,2.0
52.515,13.475,1355.0,9086.02,6.705549815498156,14.036519074538747,841.0,968.0,1292.0,-63.0
52.515,13.48,20.0,113.15,5.657500000000001,16.39916675,19.0,20.0,31.0,11.0
52.515,13.485,1.0,6.92,6.92,31.566667,1.0,1.0,3.0,2.0
52.515,13.495000000000001,0.0,0.0,0.0,0.0,0.0,0.0,2.0,2.0
52.515,13.5,2.0,25.44,12.72,12.508333,2.0,2.0,0.0,-2.0
52.515,13.515,0.0,0.0,0.0,0.0,0.0,0.0,1.0,1.0
52.515,13.52,0.0,0.0,0.0,0.0,0.0,0.0,3.0,3.0
52.52,13.200000000000001,0.0,0.0,0.0,0.0,0.0,0.0,3.0,3.0
52.52,13.27,0.0,0.0,0.0,0.0,0.0,0.0,1.0,1.0
52.52,13.275,0.0,0.0,0.0,0.0,0.0,0.0,1.0,1.0
52.52,13.280000000000001,0.0,0.0,0.0,0.0,0.0,0.0,2.0,2.0
52.52,13.285,0.0,0.0,0.0,0.0,0.0,0.0,2.0,2.0
52.52,13.290000000000001,2.0,25.009999999999998,12.504999999999999,24.150000000000002,2.0,2.0,6.0,4.0
52.52,13.295,4.0,23.25,5.8125,27.9625,4.0,4.0,4.0,0.0
52.52,13.3,36.0,168.5,4.680555555555555,20.989351833333334,25.0,30.0,50.0,14.0
52.52,13.305,21.0,101.53,4.834761904761905,27.345238095238095,18.0,19.0,33.0,12.0
52.52,13.31,0.0,0.0,0.0,0.0,0.0,0.0,2.0,2.0
52.52,13.315,6.0,39.24,6.54,14.697222166666668,6.0,6.0,6.0,0.0
52.52,13.32,27.0,179.68,6.654814814814815,16.428395185185185,23.0,19.0,34.0,7.0
52.52,13.325000000000001,5.0,33.29,6.6579999999999995,16.123333199999998,5.0,5.0,5.0,0.0
52.52,13.33,0.0,0.0,0.0,0.0,0.0,0.0,2.0,2.0
52.52,13.335,3.0,21.35,7.116666666666667,12.961111,3.0,3.0,4.0,1.0
52.52,13.34,44.0,174.84,3.9736363636363636,23.829545431818186,37.0,42.0,66.0,22.0
52.52,13.345,27.0,125.08,4.632592592592593,16.165432111111112,20.0,24.0,37.0,10.0
52.52,13.35,10.0,53.7,5.37,12.6000001,8.0,10.0,18.0,8.0
52.52,13.355,21.0,114.09,5.432857142857143,23.71984123809524,21.0,20.0,39.0,18.0
52.52,13.36,14.0,80.59,5.756428571428572,18.82261907142857,14.0,14.0,19.0,5.0
52.52,13.365,48.0,219.05,4.563541666666667,21.050694416666666,44.0,47.0,58.0,10.0
52.52,13.370000000000001,415.0,1896.3700000000001,4.569566265060241,18.788393554216867,333.0,400.0,535.0,120.0
52.52,13.375,1266.0,5013.65,3.9602290679304892,18.030292258293837,821.0,1170.0,1339.0,73.0
52.52,13.38,325.0,1912.34,5.884123076923077,15.40389743076923,269.0,285.0,397.0,72.0
52.52,13.385,936.0,4654.78,4.973055555555555,12.779558393162393,641.0,816.0,976.0,40.0
52.52,13.39,1876.0,9878.83,5.265900852878465,13.575710732409382,1070.0,1551.0,1970.0,94.0
52.52,13.395,743.0,3187.77,4.2904037685060565,13.696657695827726,502.0,663.0,704.0,-39.0
52.52,13.4,3741.0,15733.8,4.205773857257418,14.07066737850842,1545.0,2999.0,3516.0,-225.0
52.52,13.405000000000001,7052.0,28559.87,4.049896483267158,12.496374548922292,2019.0,5110.0,5776.0,-1276.0
52.52,13.41,6982.0,28586.6,4.094328272701231,12.37599780191922,2001.0,5169.0,6883.0,-99.0
52.52,13.415000000000001,7141.0,34876.05,4.883916818372778,13.340540537319704,2099.0,5156.0,6346.0,-795.0
52.52,13.42,338.0,1949.2,5.766863905325444,10.136242612426035,263.0,273.0,386.0,48.0
52.52,13.425,273.0,1657.53,6.071538461538461,12.613064728937728,210.0,230.0,359.0,86.0
52.52,13.43,710.0,4526.81,6.3757887323943665,13.571784049295774,512.0,570.0,866.0,156.0
52.52,13.435,361.0,2683.51,7.433545706371191,11.207248398891966,284.0,271.0,418.0,57.0
52.52,13.44,143.0,1099.4,7.688111888111889,11.21958041958042,132.0,121.0,183.0,40.0
52.52,13.445,78.0,531.46,6.813589743589744,10.261111115384615,70.0,66.0,124.0,46.0
52.52,13.450000000000001,344.0,2213.0,6.433139534883721,12.39123061627907,272.0,267.0,442.0,98.0
52.52,13.455,431.0,2970.96,6.893178654292344,10.343658150812065,328.0,326.0,416.0,-15.0
52.52,13.46,41.0,252.44,6.1570731707317075,13.752032536585366,32.0,33.0,47.0,6.0
52.52,13.465,41.0,206.25,5.030487804878049,13.336178926829268,31.0,30.0,55.0,14.0
52.52,13.47,57.0,354.72,6.223157894736842,10.475146192982457,37.0,40.0,62.0,5.0
52.52,13.475,0.0,0.0,0.0,0.0,0.0,0.0,1.0,1.0
52.52,13.48,2.0,20.33,10.165,2.0833334999999997,2.0,2.0,3.0,1.0
52.52,13.485,1.0,4.02,4.02,30.816667,1.0,1.0,2.0,1.0
52.52,13.49,1.0,0.61,0.61,0.866667,1.0,1.0,2.0,1.0
52.52,13.5,0.0,0.0,0.0,0.0,0.0,0.0,3.0,3.0
52.52,13.565,0.0,0.0,0.0,0.0,0.0,0.0,1.0,1.0
52.525,13.195,2.0,1.44,0.72,11.5,1.0,1.0,4.0,2.0
52.525,13.22,0.0,0.0,0.0,0.0,0.0,0.0,1.0,1.0
52.525,13.26,1.0,10.35,10.35,10.566667,1.0,1.0,0.0,-1.0
52.525,13.3,2.0,2.63,1.315,24.65,2.0,2.0,4.0,2.0
52.525,13.305,1.0,4.15,4.15,25.433333,1.0,1.0,4.0,3.0
52.525,13.31,1.0,11.36,11.36,8.266667,1.0,1.0,0.0,-1.0
52.525,13.315,0.0,0.0,0.0,0.0,0.0,0.0,4.0,4.0
52.525,13.32,1.0,7.58,7.58,43.883333,1.0,1.0,1.0,0.0
52.525,13.325000000000001,9.0,81.53,9.05888888888889,11.274074,7.0,8.0,13.0,4.0
52.525,13.33,8.0,71.5,8.9375,16.120833375,7.0,7.0,18.0,10.0
52.525,13.335,4.0,26.35,6.5875,36.745833250000004,4.0,4.0,8.0,4.0
52.525,13.34,14.0,95.0,6.785714285714286,24.509523857142856,14.0,14.0,19.0,5.0
52.525,13.345,13.0,101.92,7.84,13.447435769230768,10.0,11.0,30.0,17.0
52.525,13.35,7.0,39.94,5.7057142857142855,28.354761857142854,7.0,7.0,14.0,7.0
52.525,13.355,14.0,61.73,4.409285714285714,24.764285642857143,12.0,13.0,26.0,12.0
52.525,13.36,33.0,148.71,4.506363636363637,27.884848484848487,31.0,32.0,59.0,26.0
52.525,13.365,251.0,1189.53,4.739163346613545,16.59860560557769,182.0,219.0,360.0,109.0
52.525,13.370000000000001,2075.0,9816.64,4.730910843373493,18.057012043855423,1132.0,1735.0,2211.0,136.0
52.525,13.375,110.0,600.54,5.459454545454546,17.91121208181818,96.0,108.0,135.0,25.0
52.525,13.38,290.0,1979.01,6.824172413793104,10.570344817241379,237.0,215.0,349.0,59.0
52.525,13.385,576.0,3331.5,5.783854166666667,12.6320601875,429.0,485.0,640.0,64.0
52.525,13.39,1508.0,8609.7,5.709350132625995,13.26329574270557,916.0,1156.0,1632.0,124.0
52.525,13.395,1097.0,6140.41,5.597456700091158,11.970464894257065,727.0,924.0,1276.0,179.0
52.525,13.4,1432.0,7684.59,5.366333798882682,11.816783054469273,874.0,1146.0,1606.0,174.0
52.525,13.405000000000001,2348.0,12480.97,5.315574957410562,12.252044295570698,1225.0,1878.0,2450.0,102.0
52.525,13.41,3243.0,16684.76,5.144853530681467,11.407421114400247,1483.0,2527.0,3144.0,-99.0
52.525,13.415000000000001,2917.0,15572.88,5.338663009941721,11.840932464175523,1409.0,2188.0,2840.0,-77.0
52.525,13.42,1667.0,9022.72,5.412549490101979,13.625374934013198,975.0,1148.0,1472.0,-195.0
52.525,13.425,128.0,862.21,6.736015625,12.455468703125,118.0,111.0,198.0,70.0
52.525,13.43,181.0,1153.41,6.37243093922652,16.24852670718232,157.0,149.0,259.0,78.0
52.525,13.435,188.0,1241.06,6.601382978723404,14.385372324468086,163.0,158.0,222.0,34.0
52.525,13.44,70.0,483.49,6.907,13.188809471428572,66.0,65.0,87.0,17.0
52.525,13.445,134.0,913.89,6.820074626865671,13.375995022388059,112.0,119.0,184.0,50.0
52.525,13.450000000000001,308.0,2175.38,7.062922077922078,14.567099555194805,244.0,243.0,374.0,66.0
52.525,13.455,101.0,597.23,5.913168316831683,14.61122113861386,81.0,92.0,138.0,37.0
52.525,13.46,34.0,173.68,5.108235294117647,16.32156861764706,34.0,34.0,51.0,17.0
52.525,13.465,15.0,89.83,5.988666666666666,11.1011112,14.0,14.0,13.0,-2.0
52.525,13.47,1.0,7.13,7.13,12.8,1.0,1.0,1.0,0.0
52.525,13.475,0.0,0.0,0.0,0.0,0.0,0.0,1.0,1.0
52.525,13.48,1.0,4.06,4.06,11.65,1.0,1.0,0.0,-1.0
52.525,13.485,0.0,0.0,0.0,0.0,0.0,0.0,1.0,1.0
52.525,13.49,1.0,0.36,0.36,78.483333,1.0,1.0,1.0,0.0
52.525,13.5,0.0,0.0,0.0,0.0,0.0,0.0,1.0,1.0
52.525,13.52,1.0,10.61,10.61,32.3,1.0,1.0,2.0,1.0
52.525,13.545,0.0,0.0,0.0,0.0,0.0,0.0,1.0,1.0
52.53,13.22,0.0,0.0,0.0,0.0,0.0,0.0,2.0,2.0
52.53,13.23,0.0,0.0,0.0,0.0,0.0,0.0,1.0,1.0
52.53,13.3,3.0,25.23,8.41,23.772222,3.0,3.0,3.0,0.0
52.53,13.305,0.0,0.0,0.0,0.0,0.0,0.0,3.0,3.0
52.53,13.315,1.0,7.73,7.73,24.55,1.0,1.0,3.0,2.0
52.53,13.32,2.0,23.07,11.535,19.966666500000002,2.0,2.0,3.0,1.0
52.53,13.325000000000001,5.0,30.89,6.178,7.826666800000001,3.0,5.0,9.0,4.0
52.53,13.33,4.0,34.57,8.6425,18.287499999999998,4.0,4.0,10.0,6.0
52.53,13.335,9.0,38.52,4.28,16.009259333333333,8.0,9.0,8.0,-1.0
52.53,13.34,5.0,12.51,2.502,9.2,4.0,5.0,8.0,3.0
52.53,13.345,20.0,76.55,3.8274999999999997,17.21833335,11.0,15.0,28.0,8.0
52.53,13.35,1.0,0.83,0.83,40.616667,1.0,1.0,4.0,3.0
52.53,13.355,5.0,24.39,4.878,22.27,4.0,5.0,4.0,-1.0
52.53,13.36,28.0,115.58,4.127857142857143,16.10416675,23.0,24.0,38.0,10.0
52.53,13.365,30.0,129.84,4.328,17.0577778,27.0,28.0,40.0,10.0
52.53,13.370000000000001,25.0,109.68,4.3872,15.14599996,19.0,24.0,34.0,9.0
52.53,13.375,156.0,902.34,5.78423076923077,14.36111108974359,118.0,125.0,193.0,37.0
52.53,13.38,415.0,2580.96,6.219180722891567,15.459116457831326,348.0,375.0,557.0,142.0
52.53,13.385,840.0,5572.45,6.633869047619047,14.228234139285714,597.0,664.0,939.0,99.0
52.53,13.39,542.0,3687.46,6.803431734317344,11.544003695571956,407.0,423.0,564.0,22.0
52.53,13.395,1072.0,6537.39,6.098311567164179,11.450730718283582,697.0,823.0,991.0,-81.0
52.53,13.4,2224.0,13637.19,6.131830035971223,12.63340827877698,1262.0,1736.0,2212.0,-12.0
52.53,13.405000000000001,1095.0,6669.96,6.091287671232877,10.76324200913242,747.0,852.0,1124.0,29.0
52.53,13.41,2604.0,15492.58,5.949531490015361,12.220794931643626,1334.0,1833.0,1969.0,-635.0
52.53,13.415000000000001,783.0,5040.03,6.436819923371647,10.921902925925925,550.0,586.0,756.0,-27.0
52.53,13.42,295.0,1834.75,6.219491525423729,12.208135569491525,255.0,245.0,336.0,41.0
52.53,13.425,656.0,3798.64,5.7906097560975605,13.585188012195124,468.0,534.0,782.0,126.0
52.53,13.43,69.0,417.27,6.047391304347826,14.541545898550725,64.0,69.0,98.0,29.0
52.53,13.435,15.0,53.870000000000005,3.5913333333333335,16.93,10.0,13.0,17.0,2.0
52.53,13.44,10.0,54.410000000000004,5.441000000000001,11.8966667,7.0,7.0,16.0,6.0
52.53,13.445,29.0,194.3,6.7,13.411494172413793,23.0,25.0,42.0,13.0
52.53,13.450000000000001,12.0,45.82,3.8183333333333334,15.180555666666665,12.0,12.0,20.0,8.0
52.53,13.455,320.0,1898.66,5.9333125,17.066927059375,245.0,275.0,414.0,94.0
52.53,13.46,50.0,321.90999999999997,6.438199999999999,20.851999980000002,47.0,49.0,68.0,18.0
52.53,13.465,7.0,34.129999999999995,4.8757142857142854,16.600000142857144,6.0,7.0,7.0,0.0
52.53,13.47,5.0,33.72,6.744,17.15,5.0,3.0,5.0,0.0
52.53,13.475,0.0,0.0,0.0,0.0,0.0,0.0,1.0,1.0
52.53,13.485,1.0,1.27,1.27,77.916667,1.0,1.0,3.0,2.0
52.535000000000004,13.200000000000001,2.0,10.24,5.12,38.15,2.0,2.0,1.0,-1.0
52.535000000000004,13.26,0.0,0.0,0.0,0.0,0.0,0.0,1.0,1.0
52.535000000000004,13.265,2.0,1.12,0.56,1.9500000000000002,1.0,1.0,3.0,1.0
52.535000000000004,13.275,1.0,0.07,0.07,6.733333,1.0,1.0,2.0,1.0
52.535000000000004,13.280000000000001,0.0,0.0,0.0,0.0,0.0,0.0,1.0,1.0
52.535000000000004,13.290000000000001,0.0,0.0,0.0,0.0,0.0,0.0,1.0,1.0
52.535000000000004,13.295,0.0,0.0,0.0,0.0,0.0,0.0,1.0,1.0
52.535000000000004,13.3,0.0,0.0,0.0,0.0,0.0,0.0,1.0,1.0
52.535000000000004,13.33,1.0,2.05,2.05,10.583333,1.0,1.0,4.0,3.0
52.535000000000004,13.34,2.0,4.58,2.29,41.3166665,2.0,2.0,2.0,0.0
52.535000000000004,13.345,2.0,4.6899999999999995,2.3449999999999998,30.408333499999998,2.0,2.0,6.0,4.0
52.535000000000004,13.35,5.0,28.58,5.715999999999999,29.040000000000003,5.0,5.0,3.0,-2.0
52.535000000000004,13.355,3.0,16.759999999999998,5.586666666666666,16.138889,3.0,3.0,9.0,6.0
52.535000000000004,13.36,5.0,10.54,2.1079999999999997,29.0866668,5.0,5.0,10.0,5.0
52.535000000000004,13.365,0.0,0.0,0.0,0.0,0.0,0.0,1.0,1.0
52.535000000000004,13.370000000000001,4.0,14.26,3.565,35.020833249999995,4.0,4.0,7.0,3.0
52.535000000000004,13.375,24.0,118.79,4.949583333333334,12.172916666666666,11.0,20.0,30.0,6.0
52.535000000000004,13.38,241.0,1374.8,5.704564315352697,16.429598908713693,183.0,175.0,340.0,99.0
52.535000000000004,13.385,218.0,1363.74,6.255688073394495,13.37285933944954,160.0,171.0,257.0,39.0
52.535000000000004,13.39,680.0,3534.43,5.197691176470588,16.30671570147059,473.0,605.0,563.0,-117.0
52.535000000000004,13.395,489.0,2955.28,6.043517382413088,13.80167008793456,382.0,395.0,424.0,-65.0
52.535000000000004,13.4,515.0,3143.02,6.10295145631068,12.517087374757283,375.0,419.0,619.0,104.0
52.535000000000004,13.405000000000001,823.0,5126.3,6.228797083839612,10.697347109356016,574.0,655.0,773.0,-50.0
52.535000000000004,13.41,452.0,2920.2400000000002,6.46070796460177,10.885803838495576,358.0,386.0,455.0,3.0
52.535000000000004,13.415000000000001,509.0,2968.73,5.832475442043222,9.842599889980354,336.0,375.0,605.0,96.0
52.535000000000004,13.42,569.0,3341.35,5.87231985940246,12.038693616871704,419.0,450.0,727.0,158.0
52.535000000000004,13.425,237.0,1553.52,6.554936708860759,12.998171578059072,208.0,200.0,316.0,79.0
52.535000000000004,13.43,427.0,2854.49,6.684988290398126,14.12540981967213,340.0,352.0,533.0,106.0
52.535000000000004,13.435,345.0,2411.31,6.989304347826087,14.401159423188405,280.0,282.0,455.0,110.0
52.535000000000004,13.44,13.0,96.03,7.386923076923077,13.48974353846154,12.0,13.0,17.0,4.0
52.535000000000004,13.445,9.0,51.33,5.703333333333333,19.99814811111111,6.0,5.0,13.0,4.0
52.535000000000004,13.450000000000001,4.0,32.27,8.0675,15.900000000000002,4.0,4.0,4.0,0.0
52.535000000000004,13.455,1.0,2.62,2.62,0.983333,1.0,1.0,2.0,1.0
52.535000000000004,13.46,0.0,0.0,0.0,0.0,0.0,0.0,1.0,1.0
52.535000000000004,13.475,19.0,95.57,5.029999999999999,20.853508789473686,14.0,16.0,31.0,12.0
52.535000000000004,13.48,22.0,127.26,5.784545454545455,21.09166659090909,17.0,13.0,23.0,1.0
52.535000000000004,13.485,2.0,7.58,3.79,54.741666499999994,2.0,2.0,2.0,0.0
52.535000000000004,13.49,2.0,13.809999999999999,6.904999999999999,9.716667000000001,2.0,2.0,2.0,0.0
52.535000000000004,13.495000000000001,2.0,6.09,3.045,18.424999999999997,2.0,2.0,3.0,1.0
52.535000000000004,13.515,3.0,28.009999999999998,9.336666666666666,5.322222,3.0,2.0,6.0,3.0
52.535000000000004,13.605,0.0,0.0,0.0,0.0,0.0,0.0,2.0,2.0
52.54,13.205,0.0,0.0,0.0,0.0,0.0,0.0,2.0,2.0
52.54,13.22,1.0,1.96,1.96,22.0,1.0,1.0,1.0,0.0
52.54,13.235,0.0,0.0,0.0,0.0,0.0,0.0,1.0,1.0
52.54,13.24,0.0,0.0,0.0,0.0,0.0,0.0,1.0,1.0
52.54,13.245000000000001,0.0,0.0,0.0,0.0,0.0,0.0,1.0,1.0
52.54,13.25,0.0,0.0,0.0,0.0,0.0,0.0,1.0,1.0
52.54,13.295,0.0,0.0,0.0,0.0,0.0,0.0,2.0,2.0
52.54,13.3,0.0,0.0,0.0,0.0,0.0,0.0,2.0,2.0
52.54,13.325000000000001,1.0,6.7,6.7,1.4,1.0,1.0,1.0,0.0
52.54,13.35,2.0,12.66,6.33,25.633333,2.0,2.0,4.0,2.0
52.54,13.355,3.0,9.28,3.0933333333333333,51.327778,3.0,3.0,6.0,3.0
52.54,13.36,7.0,30.0,4.285714285714286,25.714285571428572,7.0,7.0,8.0,1.0
52.54,13.365,9.0,40.54,4.504444444444444,11.614814888888889,7.0,8.0,13.0,4.0
52.54,13.370000000000001,89.0,322.45,3.623033707865168,6.024157314606741,24.0,59.0,143.0,54.0
52.54,13.375,33.0,162.76999999999998,4.932424242424242,8.556565606060607,13.0,29.0,43.0,10.0
52.54,13.38,21.0,70.48,3.356190476190476,1.8579364285714288,3.0,14.0,27.0,6.0
52.54,13.385,9.0,38.87,4.318888888888889,13.288888888888888,8.0,9.0,11.0,2.0
52.54,13.39,18.0,60.370000000000005,3.353888888888889,19.031481499999998,15.0,15.0,28.0,10.0
52.54,13.395,453.0,2698.42,5.956777041942605,15.443377496688742,343.0,384.0,559.0,106.0
52.54,13.4,363.0,1765.43,4.863443526170799,14.92130394490358,263.0,317.0,443.0,80.0
52.54,13.405000000000001,745.0,4453.31,5.977597315436242,15.574384773154362,520.0,629.0,789.0,44.0
52.54,13.41,1614.0,10566.24,6.546617100371747,13.216078062577449,988.0,1310.0,1644.0,30.0
52.54,13.415000000000001,663.0,3827.26,5.7726395173454,10.698466571644042,419.0,498.0,821.0,158.0
52.54,13.42,419.0,2653.24,6.332315035799522,11.403977727923628,320.0,352.0,506.0,87.0
52.54,13.425,375.0,2522.83,6.727546666666666,13.941288917333335,308.0,326.0,473.0,98.0
52.54,13.43,43.0,241.38,5.613488372093023,9.626356627906977,33.0,37.0,61.0,18.0
52.54,13.435,14.0,105.77,7.555,7.391666714285714,13.0,10.0,20.0,6.0
52.54,13.44,34.0,224.22,6.594705882352941,12.200490088235295,27.0,32.0,47.0,13.0
52.54,13.445,0.0,0.0,0.0,0.0,0.0,0.0,1.0,1.0
52.54,13.450000000000001,0.0,0.0,0.0,0.0,0.0,0.0,1.0,1.0
52.54,13.475,0.0,0.0,0.0,0.0,0.0,0.0,1.0,1.0
52.54,13.49,0.0,0.0,0.0,0.0,0.0,0.0,1.0,1.0
52.54,13.495000000000001,0.0,0.0,0.0,0.0,0.0,0.0,1.0,1.0
52.54,13.5,24.0,64.17,2.67375,21.583333291666666,15.0,20.0,45.0,21.0
52.54,13.505,1911.0,4538.19,2.374772370486656,2.2402930423861855,1051.0,55.0,1913.0,2.0
52.54,13.51,30.0,109.47,3.649,10.346666733333334,29.0,15.0,33.0,3.0
52.54,13.515,1.0,11.19,11.19,3.3,1.0,1.0,1.0,0.0
52.54,13.535,0.0,0.0,0.0,0.0,0.0,0.0,1.0,1.0
52.54,13.6,0.0,0.0,0.0,0.0,0.0,0.0,3.0,3.0
52.54,13.61,0.0,0.0,0.0,0.0,0.0,0.0,1.0,1.0
52.545,13.21,0.0,0.0,0.0,0.0,0.0,0.0,1.0,1.0
52.545,13.23,0.0,0.0,0.0,0.0,0.0,0.0,1.0,1.0
52.545,13.24,1.0,3.56,3.56,54.983333,1.0,1.0,1.0,0.0
52.545,13.245000000000001,0.0,0.0,0.0,0.0,0.0,0.0,3.0,3.0
52.545,13.25,0.0,0.0,0.0,0.0,0.0,0.0,1.0,1.0
52.545,13.34,0.0,0.0,0.0,0.0,0.0,0.0,1.0,1.0
52.545,13.345,0.0,0.0,0.0,0.0,0.0,0.0,1.0,1.0
52.545,13.35,1.0,0.58,0.58,1.05,1.0,1.0,1.0,0.0
52.545,13.355,0.0,0.0,0.0,0.0,0.0,0.0,2.0,2.0
52.545,13.36,2.0,1.6800000000000002,0.8400000000000001,0.7166665,1.0,1.0,10.0,8.0
52.545,13.365,12.0,36.96,3.08,25.536111166666668,11.0,12.0,26.0,14.0
52.545,13.370000000000001,16.0,48.5,3.03125,18.04166675,12.0,14.0,20.0,4.0
52.545,13.375,16.0,61.88,3.8675,17.524999875,15.0,16.0,18.0,2.0
52.545,13.38,12.0,34.95,2.9125,21.7430555,7.0,8.0,18.0,6.0
52.545,13.385,0.0,0.0,0.0,0.0,0.0,0.0,1.0,1.0
52.545,13.39,49.0,199.03,4.061836734693878,15.564966040816328,32.0,41.0,83.0,34.0
52.545,13.395,38.0,143.58,3.7784210526315793,13.651315868421053,21.0,33.0,53.0,15.0
52.545,13.4,15.0,43.01,2.8673333333333333,28.796666733333332,11.0,13.0,22.0,7.0
52.545,13.405000000000001,22.0,93.06,4.23,15.496212090909092,17.0,20.0,28.0,6.0
52.545,13.41,76.0,524.61,6.902763157894737,10.68771922368421,53.0,54.0,77.0,1.0
52.545,13.415000000000001,302.0,1823.82,6.039139072847682,13.02025386754967,241.0,233.0,379.0,77.0
52.545,13.42,141.0,813.9300000000001,5.772553191489362,14.439834468085106,123.0,134.0,176.0,35.0
52.545,13.425,65.0,343.01,5.2770769230769226,13.37897433846154,52.0,56.0,80.0,15.0
52.545,13.43,24.0,123.08,5.128333333333333,16.122916791666665,21.0,23.0,32.0,8.0
52.545,13.435,2.0,3.3600000000000003,1.6800000000000002,12.491667,2.0,2.0,5.0,3.0
52.545,13.44,2.0,18.439999999999998,9.219999999999999,7.175,2.0,2.0,1.0,-1.0
52.545,13.445,4.0,13.819999999999999,3.4549999999999996,28.26666675,4.0,3.0,8.0,4.0
52.545,13.450000000000001,1.0,10.81,10.81,14.133333,1.0,1.0,1.0,0.0
52.545,13.46,0.0,0.0,0.0,0.0,0.0,0.0,1.0,1.0
52.545,13.47,0.0,0.0,0.0,0.0,0.0,0.0,1.0,1.0
52.545,13.49,0.0,0.0,0.0,0.0,0.0,0.0,1.0,1.0
52.545,13.495000000000001,0.0,0.0,0.0,0.0,0.0,0.0,1.0,1.0
52.545,13.5,16.0,37.47,2.341875,21.673958250000002,14.0,16.0,31.0,15.0
52.545,13.505,3.0,36.739999999999995,12.246666666666664,12.783333333333333,3.0,3.0,3.0,0.0
52.545,13.51,11.0,95.52,8.683636363636364,10.460606,11.0,8.0,18.0,7.0
52.550000000000004,13.255,0.0,0.0,0.0,0.0,0.0,0.0,1.0,1.0
52.550000000000004,13.305,0.0,0.0,0.0,0.0,0.0,0.0,3.0,3.0
52.550000000000004,13.34,0.0,0.0,0.0,0.0,0.0,0.0,1.0,1.0
52.550000000000004,13.345,1.0,0.59,0.59,53.05,1.0,1.0,0.0,-1.0
52.550000000000004,13.35,3.0,13.91,4.636666666666667,12.027777666666665,3.0,3.0,8.0,5.0
52.550000000000004,13.355,5.0,18.65,3.7299999999999995,52.29,5.0,5.0,6.0,1.0
52.550000000000004,13.36,3.0,15.79,5.263333333333333,60.37777766666667,3.0,3.0,6.0,3.0
52.550000000000004,13.365,1.0,0.05,0.05,26.033333,1.0,1.0,13.0,12.0
52.550000000000004,13.370000000000001,0.0,0.0,0.0,0.0,0.0,0.0,5.0,5.0
52.550000000000004,13.375,3.0,13.07,4.3566666666666665,18.116666333333335,3.0,3.0,4.0,1.0
52.550000000000004,13.38,10.0,35.86,3.586,25.2899999,8.0,10.0,12.0,2.0
52.550000000000004,13.385,30.0,67.56,2.2520000000000002,16.8816667,15.0,24.0,53.0,23.0
52.550000000000004,13.39,78.0,219.82,2.818205128205128,20.640384666666666,47.0,68.0,121.0,43.0
52.550000000000004,13.395,8.0,18.150000000000002,2.2687500000000003,31.235416625,8.0,8.0,11.0,3.0
52.550000000000004,13.4,20.0,106.65,5.3325000000000005,14.305000000000001,17.0,14.0,24.0,4.0
52.550000000000004,13.405000000000001,14.0,70.47,5.033571428571428,13.692857071428572,11.0,11.0,18.0,4.0
52.550000000000004,13.41,34.0,196.74,5.786470588235295,14.998039205882353,25.0,32.0,39.0,5.0
52.550000000000004,13.415000000000001,477.0,2863.63,6.003417190775681,14.110412306079663,316.0,405.0,595.0,118.0
52.550000000000004,13.42,39.0,249.03,6.385384615384615,16.755555564102565,33.0,37.0,72.0,33.0
52.550000000000004,13.425,1.0,10.03,10.03,6.35,1.0,1.0,1.0,0.0
52.550000000000004,13.43,1.0,9.64,9.64,19.883333,1.0,1.0,1.0,0.0
52.550000000000004,13.435,1.0,9.65,9.65,8.866667,1.0,1.0,1.0,0.0
52.550000000000004,13.450000000000001,1.0,6.02,6.02,22.683333,1.0,1.0,2.0,1.0
52.550000000000004,13.46,1.0,7.18,7.18,22.816667,1.0,1.0,2.0,1.0
52.550000000000004,13.465,0.0,0.0,0.0,0.0,0.0,0.0,1.0,1.0
52.550000000000004,13.51,0.0,0.0,0.0,0.0,0.0,0.0,1.0,1.0
52.555,13.195,0.0,0.0,0.0,0.0,0.0,0.0,1.0,1.0
52.555,13.290000000000001,0.0,0.0,0.0,0.0,0.0,0.0,1.0,1.0
52.555,13.3,0.0,0.0,0.0,0.0,0.0,0.0,1.0,1.0
52.555,13.34,1.0,5.77,5.77,51.283333,1.0,1.0,0.0,-1.0
52.555,13.345,0.0,0.0,0.0,0.0,0.0,0.0,3.0,3.0
52.555,13.35,1.0,2.75,2.75,77.833333,1.0,1.0,0.0,-1.0
52.555,13.36,1.0,3.89,3.89,42.716667,1.0,1.0,1.0,0.0
52.555,13.365,2.0,2.58,1.29,55.775,2.0,2.0,1.0,-1.0
52.555,13.370000000000001,1.0,7.61,7.61,10.0,1.0,1.0,3.0,2.0
52.555,13.375,9.0,51.24,5.693333333333333,23.944444555555556,9.0,9.0,11.0,2.0
52.555,13.38,7.0,16.6,2.3714285714285714,27.323809714285716,5.0,6.0,17.0,10.0
52.555,13.385,3.0,11.309999999999999,3.7699999999999996,56.188888999999996,3.0,3.0,8.0,5.0
52.555,13.39,7.0,19.59,2.7985714285714285,29.63571428571429,7.0,7.0,10.0,3.0
52.555,13.395,4.0,19.7,4.925,8.01666675,3.0,3.0,3.0,-1.0
52.555,13.405000000000001,2.0,18.450000000000003,9.225000000000001,4.9833335000000005,2.0,2.0,0.0,-2.0
52.555,13.41,2.0,4.54,2.27,37.925,2.0,2.0,3.0,1.0
52.555,13.415000000000001,4.0,29.17,7.2925,19.4875,4.0,4.0,4.0,0.0
52.555,13.43,0.0,0.0,0.0,0.0,0.0,0.0,1.0,1.0
52.555,13.435,0.0,0.0,0.0,0.0,0.0,0.0,2.0,2.0
52.555,13.44,4.0,23.75,5.9375,24.24583325,4.0,4.0,3.0,-1.0
52.555,13.450000000000001,1.0,8.81,8.81,32.8,1.0,1.0,0.0,-1.0
52.56,13.325000000000001,0.0,0.0,0.0,0.0,0.0,0.0,1.0,1.0
52.56,13.33,1.0,6.35,6.35,41.7,1.0,1.0,1.0,0.0
52.56,13.335,0.0,0.0,0.0,0.0,0.0,0.0,1.0,1.0
52.56,13.34,0.0,0.0,0.0,0.0,0.0,0.0,2.0,2.0
52.56,13.365,4.0,8.16,2.04,26.8166665,4.0,4.0,1.0,-3.0
52.56,13.370000000000001,1.0,4.67,4.67,38.016667,1.0,1.0,2.0,1.0
52.56,13.375,3.0,7.26,2.42,25.055555666666667,3.0,3.0,3.0,0.0
52.56,13.38,0.0,0.0,0.0,0.0,0.0,0.0,3.0,3.0
52.56,13.385,2.0,3.77,1.885,42.3583335,2.0,2.0,5.0,3.0
52.56,13.39,0.0,0.0,0.0,0.0,0.0,0.0,1.0,1.0
52.56,13.395,1.0,13.88,13.88,0.083333,1.0,1.0,2.0,1.0
52.56,13.415000000000001,2.0,18.82,9.41,19.099999999999998,2.0,2.0,1.0,-1.0
52.56,13.435,1.0,0.02,0.02,33.466667,1.0,1.0,1.0,0.0
52.56,13.465,0.0,0.0,0.0,0.0,0.0,0.0,1.0,1.0
52.56,13.47,0.0,0.0,0.0,0.0,0.0,0.0,1.0,1.0
52.56,13.515,0.0,0.0,0.0,0.0,0.0,0.0,1.0,1.0
52.565,13.315,0.0,0.0,0.0,0.0,0.0,0.0,1.0,1.0
52.565,13.325000000000001,1.0,6.25,6.25,9.716667,1.0,1.0,0.0,-1.0
52.565,13.33,0.0,0.0,0.0,0.0,0.0,0.0,1.0,1.0
52.565,13.34,0.0,0.0,0.0,0.0,0.0,0.0,1.0,1.0
52.565,13.36,0.0,0.0,0.0,0.0,0.0,0.0,1.0,1.0
52.565,13.365,0.0,0.0,0.0,0.0,0.0,0.0,5.0,5.0
52.565,13.370000000000001,0.0,0.0,0.0,0.0,0.0,0.0,1.0,1.0
52.565,13.38,0.0,0.0,0.0,0.0,0.0,0.0,1.0,1.0
52.565,13.385,0.0,0.0,0.0,0.0,0.0,0.0,1.0,1.0
52.565,13.39,0.0,0.0,0.0,0.0,0.0,0.0,4.0,4.0
52.565,13.395,1.0,0.92,0.92,0.883333,1.0,1.0,1.0,0.0
52.565,13.4,0.0,0.0,0.0,0.0,0.0,0.0,3.0,3.0
52.565,13.41,0.0,0.0,0.0,0.0,0.0,0.0,1.0,1.0
52.565,13.475,1.0,7.96,7.96,20.933333,1.0,1.0,0.0,-1.0
52.565,13.51,0.0,0.0,0.0,0.0,0.0,0.0,1.0,1.0
52.57,13.31,1.0,5.47,5.47,71.916667,1.0,1.0,1.0,0.0
52.57,13.315,1.0,0.27,0.27,88.133333,1.0,1.0,1.0,0.0
52.57,13.32,1.0,18.78,18.78,33.1,1.0,1.0,0.0,-1.0
52.57,13.33,0.0,0.0,0.0,0.0,0.0,0.0,1.0,1.0
52.57,13.355,0.0,0.0,0.0,0.0,0.0,0.0,1.0,1.0
52.57,13.36,1.0,7.51,7.51,0.1,1.0,1.0,4.0,3.0
52.57,13.365,1.0,0.05,0.05,69.0,1.0,1.0,1.0,0.0
52.57,13.41,1.0,5.69,5.69,34.05,1.0,1.0,0.0,-1.0
52.575,13.285,0.0,0.0,0.0,0.0,0.0,0.0,1.0,1.0
52.575,13.305,0.0,0.0,0.0,0.0,0.0,0.0,1.0,1.0
52.575,13.31,1.0,4.92,4.92,18.766667,1.0,1.0,2.0,1.0
52.575,13.315,0.0,0.0,0.0,0.0,0.0,0.0,1.0,1.0
52.575,13.35,1.0,3.13,3.13,51.066667,1.0,1.0,2.0,1.0
52.575,13.41,0.0,0.0,0.0,0.0,0.0,0.0,1.0,1.0
52.58,13.345,0.0,0.0,0.0,0.0,0.0,0.0,1.0,1.0
52.58,13.41,0.0,0.0,0.0,0.0,0.0,0.0,1.0,1.0
52.58,13.415000000000001,1.0,0.89,0.89,49.483333,1.0,1.0,0.0,-1.0
52.585,13.335,0.0,0.0,0.0,0.0,0.0,0.0,1.0,1.0
52.585,13.365,0.0,0.0,0.0,0.0,0.0,0.0,1.0,1.0
52.585,13.43,0.0,0.0,0.0,0.0,0.0,0.0,1.0,1.0
52.595,13.35,0.0,0.0,0.0,0.0,0.0,0.0,1.0,1.0
52.595,13.355,0.0,0.0,0.0,0.0,0.0,0.0,2.0,2.0
52.595,13.36,0.0,0.0,0.0,0.0,0.0,0.0,1.0,1.0
52.595,13.365,1.0,21.75,21.75,35.0,1.0,1.0,1.0,0.0
52.595,13.43,0.0,0.0,0.0,0.0,0.0,0.0,1.0,1.0
52.61,13.43,1.0,4.13,4.13,36.55,1.0,1.0,0.0,-1.0
